{
  "content_scale": 1.0,
  "armature_data": [
    {
      "strVersion": "1.6.0.0",
      "version": 1.6,
      "name": "elf",
      "bone_data": [
        {
          "name": "face",
          "parent": "",
          "dI": 0,
          "x": -78.1250228881836,
          "y": 355.73971557617188,
          "z": 3,
          "cX": 1.0,
          "cY": 1.0,
          "kX": -1.53307843,
          "kY": 1.53307843,
          "arrow_x": 82.871505737304688,
          "arrow_y": -6.77659481880255E-05,
          "effectbyskeleton": true,
          "bl": 82,
          "display_data": [
            {
              "name": "elf2.png",
              "displayType": 0,
              "skin_data": [
                {
                  "x": -196.072586,
                  "y": -2.63169861,
                  "cX": 1.0,
                  "cY": 1.0,
                  "kX": 1.53307819,
                  "kY": -1.533083
                }
              ]
            },
            {
              "name": "elf1.png",
              "displayType": 0,
              "skin_data": [
                {
                  "x": -196.072586,
                  "y": -2.63169861,
                  "cX": 1.0,
                  "cY": 1.0,
                  "kX": 1.53307819,
                  "kY": -1.53307819
                }
              ]
            }
          ]
        },
        {
          "name": "body",
          "parent": "",
          "dI": 0,
          "x": -81.2500228881836,
          "y": 240.11466979980469,
          "z": 2,
          "cX": 1.0,
          "cY": 1.0,
          "kX": 0.0,
          "kY": 0.0,
          "arrow_x": 9.059906005859375E-06,
          "arrow_y": -1.1996424291282892E-05,
          "effectbyskeleton": true,
          "bl": 0,
          "display_data": [
            {
              "name": "elf3.png",
              "displayType": 0,
              "skin_data": [
                {
                  "x": -1.932373,
                  "y": -80.72975,
                  "cX": 1.0,
                  "cY": 1.0,
                  "kX": 0.0,
                  "kY": 0.0
                }
              ]
            }
          ]
        },
        {
          "name": "wing",
          "parent": "",
          "dI": 0,
          "x": -81.2500228881836,
          "y": 255.73968505859375,
          "z": 1,
          "cX": 1.0,
          "cY": 1.0,
          "kX": -1.5208379,
          "kY": 1.5208379,
          "arrow_x": 156.44522094726563,
          "arrow_y": 4.9626942200120538E-06,
          "effectbyskeleton": true,
          "bl": 156,
          "display_data": [
            {
              "name": "elf4.png",
              "displayType": 0,
              "skin_data": [
                {
                  "x": -96.4274139,
                  "y": -2.735443,
                  "cX": 1.0,
                  "cY": 1.0,
                  "kX": 1.52083766,
                  "kY": -1.52084112
                }
              ]
            }
          ]
        }
      ]
    }
  ],
  "animation_data": [
    {
      "name": "elf",
      "mov_data": [
        {
          "name": "Animation1",
          "dr": 121,
          "lp": true,
          "to": 0,
          "drTW": 0,
          "twE": 0,
          "sc": 1.0,
          "mov_bone_data": [
            {
              "name": "face",
              "dl": 0.0,
              "frame_data": [
                {
                  "dI": 0,
                  "x": 0.0,
                  "y": 0.0,
                  "z": 0,
                  "cX": 1.0,
                  "cY": 1.0,
                  "kX": 0.0,
                  "kY": 0.0,
                  "fi": 0,
                  "twE": 0,
                  "tweenFrame": true,
                  "bd_src": 1,
                  "bd_dst": 771
                },
                {
                  "dI": 1,
                  "x": 0.0,
                  "y": 0.0,
                  "z": 0,
                  "cX": 1.0,
                  "cY": 1.0,
                  "kX": 0.0,
                  "kY": 0.0,
                  "fi": 50,
                  "twE": 0,
                  "tweenFrame": true,
                  "bd_src": 1,
                  "bd_dst": 771
                },
                {
                  "dI": 0,
                  "x": 0.0,
                  "y": 0.0,
                  "z": 0,
                  "cX": 1.0,
                  "cY": 1.0,
                  "kX": 0.0,
                  "kY": 0.0,
                  "fi": 55,
                  "twE": 0,
                  "tweenFrame": true,
                  "bd_src": 1,
                  "bd_dst": 771
                }
              ]
            },
            {
              "name": "body",
              "dl": 0.0,
              "frame_data": [
                {
                  "dI": 0,
                  "x": 0.0,
                  "y": 0.0,
                  "z": 0,
                  "cX": 1.0,
                  "cY": 1.0,
                  "kX": 0.0,
                  "kY": 0.0,
                  "fi": 0,
                  "twE": 0,
                  "tweenFrame": true,
                  "bd_src": 1,
                  "bd_dst": 771
                }
              ]
            },
            {
              "name": "wing",
              "dl": 0.0,
              "frame_data": [
                {
                  "dI": 0,
                  "x": 0.0,
                  "y": 0.0,
                  "z": 0,
                  "cX": 1.0,
                  "cY": 1.0,
                  "kX": 0.0,
                  "kY": 0.0,
                  "fi": 0,
                  "twE": 0,
                  "tweenFrame": true,
                  "bd_src": 1,
                  "bd_dst": 771
                },
                {
                  "dI": 0,
                  "x": 0.0,
                  "y": 0.0,
                  "z": 0,
                  "cX": 0.980824,
                  "cY": 0.9000001,
                  "kX": 0.0,
                  "kY": 0.0,
                  "fi": 15,
                  "twE": 0,
                  "tweenFrame": true,
                  "bd_src": 1,
                  "bd_dst": 771
                },
                {
                  "dI": 0,
                  "x": 0.0,
                  "y": 0.0,
                  "z": 0,
                  "cX": 1.0,
                  "cY": 1.0,
                  "kX": 0.0,
                  "kY": 0.0,
                  "fi": 30,
                  "twE": 0,
                  "tweenFrame": true,
                  "bd_src": 1,
                  "bd_dst": 771
                },
                {
                  "dI": 0,
                  "x": 0.0,
                  "y": 0.0,
                  "z": 0,
                  "cX": 0.980824,
                  "cY": 0.9000001,
                  "kX": 0.0,
                  "kY": 0.0,
                  "fi": 45,
                  "twE": 0,
                  "tweenFrame": true,
                  "bd_src": 1,
                  "bd_dst": 771
                },
                {
                  "dI": 0,
                  "x": 0.0,
                  "y": 0.0,
                  "z": 0,
                  "cX": 1.0,
                  "cY": 1.0,
                  "kX": 0.0,
                  "kY": 0.0,
                  "fi": 60,
                  "twE": 0,
                  "tweenFrame": true,
                  "bd_src": 1,
                  "bd_dst": 771
                },
                {
                  "dI": 0,
                  "x": 0.0,
                  "y": 0.0,
                  "z": 0,
                  "cX": 0.980824,
                  "cY": 0.9000001,
                  "kX": 0.0,
                  "kY": 0.0,
                  "fi": 75,
                  "twE": 0,
                  "tweenFrame": true,
                  "bd_src": 1,
                  "bd_dst": 771
                },
                {
                  "dI": 0,
                  "x": 0.0,
                  "y": 0.0,
                  "z": 0,